"ticket_id","opened_at","address_id","uprava","district","street","house_number","title","description","reason_category","month","hour","season"
"242","2025-01-01 13:19:00","29","Северная управа","Северный","Мира","3А","Прорыв стояка","В подвале скапливается вода, требуется срочный осмотр.","water_leak","1","13","winter"
"255","2025-01-01 22:45:00","24","Центральная управа","Исторический","Набережная","23А","Канализация не работает","Канализация переполнена, стоки выходят наружу.","sewer","1","22","winter"
"283","2025-01-02 01:02:00","35","Северная управа","Северный","Парковая","31","Перебои с электричеством","Освещение в подъезде не работает со вчерашнего вечера.","electricity","1","1","winter"
"214","2025-01-04 21:33:00","37","Северная управа","Северный","Парковая","23А","Переполнены контейнеры","Рядом с домом образовалась свалка бытового мусора.","garbage","1","21","winter"
"338","2025-01-05 15:29:00","68","Южная управа","Пригородный","Полевая","11","Проблема с подачей тепла","Батареи остаются холодными с утра, температура в квартире низкая.","heating","1","15","winter"
"367","2025-01-05 16:46:00","50","Северная управа","Промышленный","Энергетиков","29Б","Лифт не реагирует на вызов","Кнопки лифта не реагируют, нужна диагностика.","elevator","1","16","winter"
"222","2025-01-05 22:24:00","36","Северная управа","Северный","Парковая","19","Не вывозят мусор","Контейнерная площадка переполнена, мусор разлетается по двору.","garbage","1","22","winter"
"226","2025-01-09 18:14:00","67","Южная управа","Пригородный","Полевая","9Б","Нет отопления","Батареи остаются холодными с утра, температура в квартире низкая.","heating","1","18","winter"
"200","2025-01-10 09:11:00","53","Южная управа","Южный","Садовая","13","Течь с потолка после дождя","Жители сообщают о повреждении покрытия кровли.","roof","1","9","winter"
"411","2025-01-10 23:12:00","61","Южная управа","Южный","Строителей","43","Не вывозят мусор","Контейнерная площадка переполнена, мусор разлетается по двору.","garbage","1","23","winter"
"245","2025-01-13 11:24:00","63","Южная управа","Южный","Строителей","33","Проблема с мусорной площадкой","Рядом с домом образовалась свалка бытового мусора.","garbage","1","11","winter"
"206","2025-01-15 06:19:00","70","Южная управа","Пригородный","Полевая","37","Протечка трубы","В подвале скапливается вода, требуется срочный осмотр.","water_leak","1","6","winter"
"50","2025-01-15 11:29:00","20","Центральная управа","Исторический","Пушкина","13А","Протекает труба в подъезде","На лестничной площадке появилась течь, вода стекает вниз.","water_leak","1","11","winter"
"358","2025-01-18 02:41:00","56","Южная управа","Южный","Школьная","7","Повреждение кровли","Жители сообщают о повреждении покрытия кровли.","roof","1","2","winter"
"108","2025-01-20 02:08:00","54","Южная управа","Южный","Садовая","31","Течь в подвале","В подвале скапливается вода, требуется срочный осмотр.","water_leak","1","2","winter"
"191","2025-01-20 08:53:00","72","Южная управа","Пригородный","Солнечная","23","Отключение электроэнергии","Освещение в подъезде не работает со вчерашнего вечера.","electricity","1","8","winter"
"42","2025-01-20 13:54:00","67","Южная управа","Пригородный","Полевая","9Б","Лифт не реагирует на вызов","Лифт не поднимается на этажи, жители не могут воспользоваться.","elevator","1","13","winter"
"104","2025-01-23 10:32:00","72","Южная управа","Пригородный","Солнечная","23","Течь в подвале","На лестничной площадке появилась течь, вода стекает вниз.","water_leak","1","10","winter"
"183","2025-01-24 12:32:00","19","Центральная управа","Исторический","Пушкина","33","Не горит освещение на этаже","На площадке мигает свет и отключается электричество.","electricity","1","12","winter"
"239","2025-01-27 21:10:00","72","Южная управа","Пригородный","Солнечная","23","Холодные батареи","Батареи остаются холодными с утра, температура в квартире низкая.","heating","1","21","winter"
"51","2025-01-29 01:10:00","65","Южная управа","Южный","Строителей","3","Не вывозят мусор","Мусор не вывозился несколько дней, требуется уборка.","garbage","1","1","winter"
"235","2025-02-01 04:46:00","69","Южная управа","Пригородный","Полевая","29","Поломка лифта в подъезде","Лифт периодически застревает между этажами.","elevator","2","4","winter"
"79","2025-02-01 20:51:00","32","Северная управа","Северный","Молодежная","3","Прорыв стояка","В подвале скапливается вода, требуется срочный осмотр.","water_leak","2","20","winter"
"414","2025-02-03 13:21:00","29","Северная управа","Северный","Мира","3А","Слабое отопление в квартире","В нескольких квартирах подъезда батареи еле теплые.","heating","2","13","winter"
"368","2025-02-04 00:37:00","49","Северная управа","Промышленный","Энергетиков","37","Поломка лифта в подъезде","Кнопки лифта не реагируют, нужна диагностика.","elevator","2","0","winter"
"120","2025-02-05 03:59:00","27","Северная управа","Северный","Мира","5А","Холодные батареи","В нескольких квартирах подъезда батареи еле теплые.","heating","2","3","winter"
"362","2025-02-07 05:10:00","1","Центральная управа","Центральный","Ленина","9","Течь с потолка после дождя","На верхнем этаже появилась протечка с крыши.","roof","2","5","winter"
"197","2025-02-07 12:15:00","7","Центральная управа","Центральный","Советская","27","Протекает труба в подъезде","На лестничной площадке появилась течь, вода стекает вниз.","water_leak","2","12","winter"
"72","2025-02-07 14:11:00","28","Северная управа","Северный","Мира","5","Проблема с подачей тепла","В нескольких квартирах подъезда батареи еле теплые.","heating","2","14","winter"
"311","2025-02-08 08:54:00","30","Северная управа","Северный","Молодежная","27","Протекает труба в подъезде","Из стояка течет вода, жители жалуются на сырость.","water_leak","2","8","winter"
"346","2025-02-08 21:15:00","48","Северная управа","Промышленный","Энергетиков","39А","Протекает труба в подъезде","На лестничной площадке появилась течь, вода стекает вниз.","water_leak","2","21","winter"
"298","2025-02-09 13:44:00","55","Южная управа","Южный","Садовая","7Б","Слабое отопление в квартире","Батареи остаются холодными с утра, температура в квартире низкая.","heating","2","13","winter"
"354","2025-02-12 02:25:00","36","Северная управа","Северный","Парковая","19","Скопление мусора у дома","Мусор не вывозился несколько дней, требуется уборка.","garbage","2","2","winter"
"319","2025-02-12 12:23:00","45","Северная управа","Промышленный","Энергетиков","9","Прорыв стояка","На лестничной площадке появилась течь, вода стекает вниз.","water_leak","2","12","winter"
"117","2025-02-12 17:19:00","55","Южная управа","Южный","Садовая","7Б","Гололед во дворе","Территория у подъезда не очищена, жители жалуются.","yard","2","17","winter"
"364","2025-02-13 04:56:00","41","Северная управа","Промышленный","Заводская","45Б","Нет отопления","Отопление подается с перебоями, нужно проверить систему.","heating","2","4","winter"
"246","2025-02-13 12:49:00","35","Северная управа","Северный","Парковая","31","Переполнены контейнеры","Контейнерная площадка переполнена, мусор разлетается по двору.","garbage","2","12","winter"
"57","2025-02-14 02:54:00","33","Северная управа","Северный","Молодежная","5А","Протекает труба в подъезде","На лестничной площадке появилась течь, вода стекает вниз.","water_leak","2","2","winter"
"97","2025-02-14 12:44:00","59","Южная управа","Южный","Школьная","5Б","Поломка лифта в подъезде","Кнопки лифта не реагируют, нужна диагностика.","elevator","2","12","winter"
"289","2025-02-15 00:34:00","48","Северная управа","Промышленный","Энергетиков","39А","Течь в подвале","В подвале скапливается вода, требуется срочный осмотр.","water_leak","2","0","winter"
"244","2025-02-17 05:07:00","21","Центральная управа","Исторический","Пушкина","15А","Лифт не реагирует на вызов","Кнопки лифта не реагируют, нужна диагностика.","elevator","2","5","winter"
"267","2025-02-18 22:00:00","48","Северная управа","Промышленный","Энергетиков","39А","Протекает труба в подъезде","В подвале скапливается вода, требуется срочный осмотр.","water_leak","2","22","winter"
"309","2025-02-22 23:41:00","43","Северная управа","Промышленный","Заводская","9","Прорыв стояка","Из стояка течет вода, жители жалуются на сырость.","water_leak","2","23","winter"
"169","2025-02-23 20:37:00","27","Северная управа","Северный","Мира","5А","Переполнены контейнеры","Контейнерная площадка переполнена, мусор разлетается по двору.","garbage","2","20","winter"
"232","2025-02-26 04:33:00","65","Южная управа","Южный","Строителей","3","Проблема с мусорной площадкой","Мусор не вывозился несколько дней, требуется уборка.","garbage","2","4","winter"
"154","2025-03-02 02:15:00","18","Центральная управа","Исторический","Пушкина","5А","Нет отопления","Батареи остаются холодными с утра, температура в квартире низкая.","heating","3","2","spring"
"68","2025-03-02 16:35:00","64","Южная управа","Южный","Строителей","17","Слабое отопление в квартире","Батареи остаются холодными с утра, температура в квартире низкая.","heating","3","16","spring"
"340","2025-03-05 02:21:00","19","Центральная управа","Исторический","Пушкина","33","Нет отопления","Батареи остаются холодными с утра, температура в квартире низкая.","heating","3","2","spring"
"418","2025-03-09 17:27:00","63","Южная управа","Южный","Строителей","33","Не горит освещение на этаже","Жители сообщают об отключении света в доме.","electricity","3","17","spring"
"409","2025-03-10 08:52:00","12","Центральная управа","Центральный","Гагарина","37","Проблема с подачей тепла","Батареи остаются холодными с утра, температура в квартире низкая.","heating","3","8","spring"
"14","2025-03-11 04:38:00","28","Северная управа","Северный","Мира","5","Переполнены контейнеры","Рядом с домом образовалась свалка бытового мусора.","garbage","3","4","spring"
"87","2025-03-11 21:55:00","44","Северная управа","Промышленный","Заводская","23","Проблема с подачей тепла","Отопление подается с перебоями, нужно проверить систему.","heating","3","21","spring"
"416","2025-03-13 07:06:00","6","Центральная управа","Центральный","Ленина","17","Гололед во дворе","Во дворе не убран снег и лед, проход опасен.","yard","3","7","spring"
"157","2025-03-17 19:44:00","61","Южная управа","Южный","Строителей","43","Прорыв стояка","На лестничной площадке появилась течь, вода стекает вниз.","water_leak","3","19","spring"
"329","2025-03-17 22:09:00","41","Северная управа","Промышленный","Заводская","45Б","Не убран двор","После снегопада двор не обработан против гололеда.","yard","3","22","spring"
"192","2025-03-20 14:43:00","42","Северная управа","Промышленный","Заводская","17А","Протекает труба в подъезде","На лестничной площадке появилась течь, вода стекает вниз.","water_leak","3","14","spring"
"363","2025-03-23 14:33:00","25","Центральная управа","Исторический","Набережная","33","Протекает крыша","Жители сообщают о повреждении покрытия кровли.","roof","3","14","spring"
"94","2025-03-23 16:13:00","72","Южная управа","Пригородный","Солнечная","23","Протекает труба в подъезде","Из стояка течет вода, жители жалуются на сырость.","water_leak","3","16","spring"
"371","2025-03-25 20:03:00","56","Южная управа","Южный","Школьная","7","Нет отопления","В нескольких квартирах подъезда батареи еле теплые.","heating","3","20","spring"
"109","2025-03-27 03:45:00","75","Южная управа","Пригородный","Солнечная","41","Нет отопления","В нескольких квартирах подъезда батареи еле теплые.","heating","3","3","spring"
"251","2025-03-27 09:42:00","36","Северная управа","Северный","Парковая","19","Поломка лифта в подъезде","Лифт не поднимается на этажи, жители не могут воспользоваться.","elevator","3","9","spring"
"369","2025-03-31 09:07:00","68","Южная управа","Пригородный","Полевая","11","Гололед во дворе","После снегопада двор не обработан против гололеда.","yard","3","9","spring"
"400","2025-03-31 18:14:00","29","Северная управа","Северный","Мира","3А","Проблема с мусорной площадкой","Мусор не вывозился несколько дней, требуется уборка.","garbage","3","18","spring"
"385","2025-04-01 09:33:00","46","Северная управа","Промышленный","Энергетиков","13","Повреждение кровли","После осадков с потолка течет вода, требуется проверка кровли.","roof","4","9","spring"
"331","2025-04-01 19:07:00","4","Центральная управа","Центральный","Ленина","39","Залив квартиры с крыши","Жители сообщают о повреждении покрытия кровли.","roof","4","19","spring"
"238","2025-04-02 11:59:00","64","Южная управа","Южный","Строителей","17","Протекает труба в подъезде","Из стояка течет вода, жители жалуются на сырость.","water_leak","4","11","spring"
"262","2025-04-02 23:27:00","48","Северная управа","Промышленный","Энергетиков","39А","Прорыв стояка","В подвале скапливается вода, требуется срочный осмотр.","water_leak","4","23","spring"
"275","2025-04-03 20:32:00","47","Северная управа","Промышленный","Энергетиков","27Б","Не убран двор","Территория у подъезда не очищена, жители жалуются.","yard","4","20","spring"
"66","2025-04-07 06:40:00","53","Южная управа","Южный","Садовая","13","Протечка трубы","На лестничной площадке появилась течь, вода стекает вниз.","water_leak","4","6","spring"
"7","2025-04-07 07:10:00","5","Центральная управа","Центральный","Ленина","15","Течь в подвале","В подвале скапливается вода, требуется срочный осмотр.","water_leak","4","7","spring"
"205","2025-04-07 07:38:00","53","Южная управа","Южный","Садовая","13","Прорыв стояка","На лестничной площадке появилась течь, вода стекает вниз.","water_leak","4","7","spring"
"402","2025-04-09 09:36:00","49","Северная управа","Промышленный","Энергетиков","37","Не горит освещение на этаже","На площадке мигает свет и отключается электричество.","electricity","4","9","spring"
"376","2025-04-09 19:06:00","70","Южная управа","Пригородный","Полевая","37","Протекает крыша","На верхнем этаже появилась протечка с крыши.","roof","4","19","spring"
"391","2025-04-13 07:18:00","29","Северная управа","Северный","Мира","3А","Затопление канализацией","Жильцы жалуются на затопление и запах в подъезде.","sewer","4","7","spring"
"349","2025-04-13 09:10:00","21","Центральная управа","Исторический","Пушкина","15А","Холодные батареи","Отопление подается с перебоями, нужно проверить систему.","heating","4","9","spring"
"320","2025-04-16 15:21:00","73","Южная управа","Пригородный","Солнечная","49","Переполнены контейнеры","Контейнерная площадка переполнена, мусор разлетается по двору.","garbage","4","15","spring"
"103","2025-04-17 07:19:00","12","Центральная управа","Центральный","Гагарина","37","Слабое отопление в квартире","В нескольких квартирах подъезда батареи еле теплые.","heating","4","7","spring"
"32","2025-04-18 09:49:00","25","Центральная управа","Исторический","Набережная","33","Нужна уборка территории","Во дворе не убран снег и лед, проход опасен.","yard","4","9","spring"
"155","2025-04-18 22:29:00","26","Северная управа","Северный","Мира","19","Нет отопления","В нескольких квартирах подъезда батареи еле теплые.","heating","4","22","spring"
"137","2025-04-19 16:51:00","53","Южная управа","Южный","Садовая","13","Переполнены контейнеры","Контейнерная площадка переполнена, мусор разлетается по двору.","garbage","4","16","spring"
"58","2025-04-20 10:25:00","63","Южная управа","Южный","Строителей","33","Переполнены контейнеры","Рядом с домом образовалась свалка бытового мусора.","garbage","4","10","spring"
"272","2025-04-20 13:42:00","75","Южная управа","Пригородный","Солнечная","41","Холодные батареи","В нескольких квартирах подъезда батареи еле теплые.","heating","4","13","spring"
"388","2025-04-21 05:10:00","53","Южная управа","Южный","Садовая","13","Скопление мусора у дома","Контейнерная площадка переполнена, мусор разлетается по двору.","garbage","4","5","spring"
"167","2025-04-22 16:07:00","12","Центральная управа","Центральный","Гагарина","37","Гололед во дворе","Во дворе не убран снег и лед, проход опасен.","yard","4","16","spring"
"248","2025-04-23 04:33:00","66","Южная управа","Пригородный","Полевая","49А","Холодные батареи","Отопление подается с перебоями, нужно проверить систему.","heating","4","4","spring"
"420","2025-04-26 00:22:00","6","Центральная управа","Центральный","Ленина","17","Перебои с электричеством","Жители сообщают об отключении света в доме.","electricity","4","0","spring"
"240","2025-04-30 21:42:00","33","Северная управа","Северный","Молодежная","5А","Нужна уборка территории","Территория у подъезда не очищена, жители жалуются.","yard","4","21","spring"
"345","2025-05-01 06:29:00","61","Южная управа","Южный","Строителей","43","Перебои с электричеством","Освещение в подъезде не работает со вчерашнего вечера.","electricity","5","6","spring"
"43","2025-05-02 01:09:00","10","Центральная управа","Центральный","Советская","7А","Нет отопления","Батареи остаются холодными с утра, температура в квартире низкая.","heating","5","1","spring"
"100","2025-05-05 06:35:00","51","Южная управа","Южный","Садовая","3","Лифт застревает","Лифт периодически застревает между этажами.","elevator","5","6","spring"
"403","2025-05-05 09:40:00","5","Центральная управа","Центральный","Ленина","15","Протекает крыша","На верхнем этаже появилась протечка с крыши.","roof","5","9","spring"
"417","2025-05-06 18:02:00","17","Центральная управа","Исторический","Пушкина","9","Переполнены контейнеры","Рядом с домом образовалась свалка бытового мусора.","garbage","5","18","spring"
"256","2025-05-07 23:59:00","66","Южная управа","Пригородный","Полевая","49А","Не убран двор","Территория у подъезда не очищена, жители жалуются.","yard","5","23","spring"
"148","2025-05-09 06:20:00","5","Центральная управа","Центральный","Ленина","15","Прорыв стояка","В подвале скапливается вода, требуется срочный осмотр.","water_leak","5","6","spring"
"36","2025-05-09 06:24:00","27","Северная управа","Северный","Мира","5А","Скользко у подъезда","Во дворе не убран снег и лед, проход опасен.","yard","5","6","spring"
"70","2025-05-11 09:23:00","47","Северная управа","Промышленный","Энергетиков","27Б","Холодные батареи","Батареи остаются холодными с утра, температура в квартире низкая.","heating","5","9","spring"
"45","2025-05-12 14:06:00","73","Южная управа","Пригородный","Солнечная","49","Протекает труба в подъезде","На лестничной площадке появилась течь, вода стекает вниз.","water_leak","5","14","spring"
"220","2025-05-15 06:38:00","33","Северная управа","Северный","Молодежная","5А","Поломка лифта в подъезде","Лифт периодически застревает между этажами.","elevator","5","6","spring"
"218","2025-05-17 15:04:00","40","Северная управа","Промышленный","Заводская","37","Протекает труба в подъезде","На лестничной площадке появилась течь, вода стекает вниз.","water_leak","5","15","spring"
"19","2025-05-20 11:42:00","36","Северная управа","Северный","Парковая","19","Не убран двор","Во дворе не убран снег и лед, проход опасен.","yard","5","11","spring"
"196","2025-05-22 20:57:00","12","Центральная управа","Центральный","Гагарина","37","Протекает крыша","Жители сообщают о повреждении покрытия кровли.","roof","5","20","spring"
"110","2025-05-24 01:13:00","60","Южная управа","Южный","Строителей","13Б","Гололед во дворе","После снегопада двор не обработан против гололеда.","yard","5","1","spring"
"139","2025-05-26 01:16:00","29","Северная управа","Северный","Мира","3А","Течь в подвале","Из стояка течет вода, жители жалуются на сырость.","water_leak","5","1","spring"
"21","2025-05-27 01:06:00","39","Северная управа","Северный","Парковая","17Б","Лифт не реагирует на вызов","Лифт периодически застревает между этажами.","elevator","5","1","spring"
"405","2025-05-30 17:54:00","42","Северная управа","Промышленный","Заводская","17А","Отключение электроэнергии","На площадке мигает свет и отключается электричество.","electricity","5","17","spring"
"247","2025-05-31 05:37:00","77","Южная управа","Пригородный","Солнечная","11Б","Скользко у подъезда","После снегопада двор не обработан против гололеда.","yard","5","5","spring"
"407","2025-06-01 16:31:00","58","Южная управа","Южный","Школьная","41","Перебои с электричеством","На площадке мигает свет и отключается электричество.","electricity","6","16","summer"
"236","2025-06-01 20:19:00","77","Южная управа","Пригородный","Солнечная","11Б","Лифт не реагирует на вызов","Лифт не поднимается на этажи, жители не могут воспользоваться.","elevator","6","20","summer"
"228","2025-06-02 09:43:00","77","Южная управа","Пригородный","Солнечная","11Б","Проблема с подачей тепла","Батареи остаются холодными с утра, температура в квартире низкая.","heating","6","9","summer"
"177","2025-06-05 02:17:00","17","Центральная управа","Исторический","Пушкина","9","Нет отопления","В нескольких квартирах подъезда батареи еле теплые.","heating","6","2","summer"
"398","2025-06-06 18:00:00","73","Южная управа","Пригородный","Солнечная","49","Холодные батареи","Отопление подается с перебоями, нужно проверить систему.","heating","6","18","summer"
"408","2025-06-07 14:47:00","13","Центральная управа","Центральный","Гагарина","45А","Холодные батареи","В нескольких квартирах подъезда батареи еле теплые.","heating","6","14","summer"
"25","2025-06-08 09:51:00","69","Южная управа","Пригородный","Полевая","29","Проблема с мусорной площадкой","Рядом с домом образовалась свалка бытового мусора.","garbage","6","9","summer"
"184","2025-06-09 10:45:00","24","Центральная управа","Исторический","Набережная","23А","Проблема с мусорной площадкой","Рядом с домом образовалась свалка бытового мусора.","garbage","6","10","summer"
"328","2025-06-12 11:00:00","58","Южная управа","Южный","Школьная","41","Слабое отопление в квартире","В нескольких квартирах подъезда батареи еле теплые.","heating","6","11","summer"
"257","2025-06-12 22:36:00","27","Северная управа","Северный","Мира","5А","Скопление мусора у дома","Контейнерная площадка переполнена, мусор разлетается по двору.","garbage","6","22","summer"
"372","2025-06-13 21:07:00","65","Южная управа","Южный","Строителей","3","Проблема с подачей тепла","Батареи остаются холодными с утра, температура в квартире низкая.","heating","6","21","summer"
"138","2025-06-13 23:58:00","8","Центральная управа","Центральный","Советская","41","Протекает крыша","На верхнем этаже появилась протечка с крыши.","roof","6","23","summer"
"264","2025-06-21 06:38:00","14","Центральная управа","Центральный","Гагарина","3","Нет отопления","В нескольких квартирах подъезда батареи еле теплые.","heating","6","6","summer"
"269","2025-06-26 01:01:00","21","Центральная управа","Исторический","Пушкина","15А","Скопление мусора у дома","Мусор не вывозился несколько дней, требуется уборка.","garbage","6","1","summer"
"253","2025-06-30 12:06:00","13","Центральная управа","Центральный","Гагарина","45А","Не вывозят мусор","Рядом с домом образовалась свалка бытового мусора.","garbage","6","12","summer"
"52","2025-07-01 03:48:00","59","Южная управа","Южный","Школьная","5Б","Не работает лифт","Кнопки лифта не реагируют, нужна диагностика.","elevator","7","3","summer"
"326","2025-07-02 21:27:00","30","Северная управа","Северный","Молодежная","27","Протекает труба в подъезде","Из стояка течет вода, жители жалуются на сырость.","water_leak","7","21","summer"
"286","2025-07-03 06:57:00","22","Центральная управа","Исторический","Набережная","5А","Не вывозят мусор","Контейнерная площадка переполнена, мусор разлетается по двору.","garbage","7","6","summer"
"80","2025-07-04 14:04:00","1","Центральная управа","Центральный","Ленина","9","Не вывозят мусор","Рядом с домом образовалась свалка бытового мусора.","garbage","7","14","summer"
"143","2025-07-04 22:18:00","42","Северная управа","Промышленный","Заводская","17А","Проблема с подачей тепла","Отопление подается с перебоями, нужно проверить систему.","heating","7","22","summer"
"293","2025-07-07 06:17:00","28","Северная управа","Северный","Мира","5","Лифт застревает","Лифт периодически застревает между этажами.","elevator","7","6","summer"
"76","2025-07-07 10:25:00","47","Северная управа","Промышленный","Энергетиков","27Б","Протекает труба в подъезде","На лестничной площадке появилась течь, вода стекает вниз.","water_leak","7","10","summer"
"410","2025-07-07 22:05:00","72","Южная управа","Пригородный","Солнечная","23","Не горит освещение на этаже","Освещение в подъезде не работает со вчерашнего вечера.","electricity","7","22","summer"
"116","2025-07-08 19:03:00","75","Южная управа","Пригородный","Солнечная","41","Перебои с электричеством","Жители сообщают об отключении света в доме.","electricity","7","19","summer"
"86","2025-07-10 08:27:00","29","Северная управа","Северный","Мира","3А","Неприятный запах из подвала","Жильцы жалуются на затопление и запах в подъезде.","sewer","7","8","summer"
"313","2025-07-13 05:37:00","42","Северная управа","Промышленный","Заводская","17А","Повреждение кровли","На верхнем этаже появилась протечка с крыши.","roof","7","5","summer"
"56","2025-07-16 00:35:00","68","Южная управа","Пригородный","Полевая","11","Проблема с мусорной площадкой","Рядом с домом образовалась свалка бытового мусора.","garbage","7","0","summer"
"74","2025-07-16 18:31:00","64","Южная управа","Южный","Строителей","17","Не горит освещение на этаже","Жители сообщают об отключении света в доме.","electricity","7","18","summer"
"41","2025-07-18 00:51:00","3","Центральная управа","Центральный","Ленина","15А","Протекает крыша","После осадков с потолка течет вода, требуется проверка кровли.","roof","7","0","summer"
"136","2025-07-18 23:15:00","36","Северная управа","Северный","Парковая","19","Протекает труба в подъезде","Из стояка течет вода, жители жалуются на сырость.","water_leak","7","23","summer"
"359","2025-07-23 12:06:00","71","Южная управа","Пригородный","Полевая","31","Неприятный запах из подвала","Из подвала идет сильный запах, вероятен засор канализации.","sewer","7","12","summer"
"62","2025-07-24 08:13:00","14","Центральная управа","Центральный","Гагарина","3","Залив квартиры с крыши","После осадков с потолка течет вода, требуется проверка кровли.","roof","7","8","summer"
"178","2025-07-25 13:36:00","49","Северная управа","Промышленный","Энергетиков","37","Холодные батареи","В нескольких квартирах подъезда батареи еле теплые.","heating","7","13","summer"
"188","2025-07-27 13:08:00","8","Центральная управа","Центральный","Советская","41","Не работает лифт","Кнопки лифта не реагируют, нужна диагностика.","elevator","7","13","summer"
"95","2025-07-27 20:35:00","33","Северная управа","Северный","Молодежная","5А","Нет света в подъезде","На площадке мигает свет и отключается электричество.","electricity","7","20","summer"
"327","2025-07-30 01:03:00","50","Северная управа","Промышленный","Энергетиков","29Б","Лифт не реагирует на вызов","Кнопки лифта не реагируют, нужна диагностика.","elevator","7","1","summer"
"35","2025-07-30 16:09:00","28","Северная управа","Северный","Мира","5","Не горит освещение на этаже","Жители сообщают об отключении света в доме.","electricity","7","16","summer"
"279","2025-08-01 07:01:00","77","Южная управа","Пригородный","Солнечная","11Б","Засор канализации","Из подвала идет сильный запах, вероятен засор канализации.","sewer","8","7","summer"
"114","2025-08-01 20:09:00","11","Центральная управа","Центральный","Гагарина","27","Течь в подвале","На лестничной площадке появилась течь, вода стекает вниз.","water_leak","8","20","summer"
"131","2025-08-05 02:21:00","3","Центральная управа","Центральный","Ленина","15А","Протекает труба в подъезде","Из стояка течет вода, жители жалуются на сырость.","water_leak","8","2","summer"
"153","2025-08-08 15:35:00","22","Центральная управа","Исторический","Набережная","5А","Лифт не реагирует на вызов","Лифт периодически застревает между этажами.","elevator","8","15","summer"
"280","2025-08-11 21:07:00","73","Южная управа","Пригородный","Солнечная","49","Не работает лифт","Лифт не поднимается на этажи, жители не могут воспользоваться.","elevator","8","21","summer"
"185","2025-08-12 16:14:00","5","Центральная управа","Центральный","Ленина","15","Поломка лифта в подъезде","Лифт периодически застревает между этажами.","elevator","8","16","summer"
"85","2025-08-15 20:29:00","41","Северная управа","Промышленный","Заводская","45Б","Переполнены контейнеры","Контейнерная площадка переполнена, мусор разлетается по двору.","garbage","8","20","summer"
"44","2025-08-18 17:53:00","7","Центральная управа","Центральный","Советская","27","Не горит освещение на этаже","На площадке мигает свет и отключается электричество.","electricity","8","17","summer"
"113","2025-08-22 10:17:00","77","Южная управа","Пригородный","Солнечная","11Б","Протечка трубы","На лестничной площадке появилась течь, вода стекает вниз.","water_leak","8","10","summer"
"291","2025-08-22 18:02:00","62","Южная управа","Южный","Строителей","29А","Переполнены контейнеры","Мусор не вывозился несколько дней, требуется уборка.","garbage","8","18","summer"
"373","2025-08-22 21:58:00","33","Северная управа","Северный","Молодежная","5А","Прорыв стояка","Из стояка течет вода, жители жалуются на сырость.","water_leak","8","21","summer"
"12","2025-08-23 08:20:00","53","Южная управа","Южный","Садовая","13","Протечка трубы","Из стояка течет вода, жители жалуются на сырость.","water_leak","8","8","summer"
"308","2025-08-24 13:57:00","73","Южная управа","Пригородный","Солнечная","49","Повреждение кровли","После осадков с потолка течет вода, требуется проверка кровли.","roof","8","13","summer"
"344","2025-08-25 19:31:00","12","Центральная управа","Центральный","Гагарина","37","Проблема с мусорной площадкой","Рядом с домом образовалась свалка бытового мусора.","garbage","8","19","summer"
"284","2025-08-29 14:57:00","41","Северная управа","Промышленный","Заводская","45Б","Не работает лифт","Кнопки лифта не реагируют, нужна диагностика.","elevator","8","14","summer"
"16","2025-08-30 16:24:00","43","Северная управа","Промышленный","Заводская","9","Поломка лифта в подъезде","Кнопки лифта не реагируют, нужна диагностика.","elevator","8","16","summer"
"287","2025-09-04 08:58:00","77","Южная управа","Пригородный","Солнечная","11Б","Нет отопления","В нескольких квартирах подъезда батареи еле теплые.","heating","9","8","autumn"
"135","2025-09-04 21:12:00","13","Центральная управа","Центральный","Гагарина","45А","Проблема с мусорной площадкой","Контейнерная площадка переполнена, мусор разлетается по двору.","garbage","9","21","autumn"
"90","2025-09-09 23:33:00","38","Северная управа","Северный","Парковая","27","Нет света в подъезде","На площадке мигает свет и отключается электричество.","electricity","9","23","autumn"
"152","2025-09-10 00:12:00","75","Южная управа","Пригородный","Солнечная","41","Не вывозят мусор","Мусор не вывозился несколько дней, требуется уборка.","garbage","9","0","autumn"
"208","2025-09-10 07:04:00","60","Южная управа","Южный","Строителей","13Б","Нет отопления","Отопление подается с перебоями, нужно проверить систему.","heating","9","7","autumn"
"194","2025-09-13 00:13:00","76","Южная управа","Пригородный","Солнечная","7","Не горит освещение на этаже","Освещение в подъезде не работает со вчерашнего вечера.","electricity","9","0","autumn"
"64","2025-09-13 03:02:00","74","Южная управа","Пригородный","Солнечная","29Б","Залив квартиры с крыши","Жители сообщают о повреждении покрытия кровли.","roof","9","3","autumn"
"134","2025-09-16 10:58:00","63","Южная управа","Южный","Строителей","33","Слабое отопление в квартире","Отопление подается с перебоями, нужно проверить систему.","heating","9","10","autumn"
"46","2025-09-19 04:02:00","48","Северная управа","Промышленный","Энергетиков","39А","Нет отопления","Батареи остаются холодными с утра, температура в квартире низкая.","heating","9","4","autumn"
"295","2025-09-20 22:31:00","26","Северная управа","Северный","Мира","19","Переполнены контейнеры","Мусор не вывозился несколько дней, требуется уборка.","garbage","9","22","autumn"
"366","2025-09-22 00:54:00","76","Южная управа","Пригородный","Солнечная","7","Лифт не реагирует на вызов","Лифт не поднимается на этажи, жители не могут воспользоваться.","elevator","9","0","autumn"
"53","2025-09-22 04:44:00","57","Южная управа","Южный","Школьная","17А","Проблема с мусорной площадкой","Контейнерная площадка переполнена, мусор разлетается по двору.","garbage","9","4","autumn"
"5","2025-09-22 05:38:00","13","Центральная управа","Центральный","Гагарина","45А","Скользко у подъезда","После снегопада двор не обработан против гололеда.","yard","9","5","autumn"
"273","2025-09-22 12:24:00","2","Центральная управа","Центральный","Ленина","27","Поломка лифта в подъезде","Лифт не поднимается на этажи, жители не могут воспользоваться.","elevator","9","12","autumn"
"161","2025-09-25 14:03:00","38","Северная управа","Северный","Парковая","27","Протекает труба в подъезде","Из стояка течет вода, жители жалуются на сырость.","water_leak","9","14","autumn"
"378","2025-09-28 13:04:00","72","Южная управа","Пригородный","Солнечная","23","Не горит освещение на этаже","На площадке мигает свет и отключается электричество.","electricity","9","13","autumn"
"37","2025-09-29 11:54:00","58","Южная управа","Южный","Школьная","41","Холодные батареи","В нескольких квартирах подъезда батареи еле теплые.","heating","9","11","autumn"
"91","2025-09-30 18:29:00","61","Южная управа","Южный","Строителей","43","Залив квартиры с крыши","После осадков с потолка течет вода, требуется проверка кровли.","roof","9","18","autumn"
"249","2025-09-30 19:35:00","55","Южная управа","Южный","Садовая","7Б","Канализация не работает","Из подвала идет сильный запах, вероятен засор канализации.","sewer","9","19","autumn"
"63","2025-10-01 23:18:00","3","Центральная управа","Центральный","Ленина","15А","Неприятный запах из подвала","Из подвала идет сильный запах, вероятен засор канализации.","sewer","10","23","autumn"
"9","2025-10-03 10:57:00","46","Северная управа","Промышленный","Энергетиков","13","Протекает крыша","На верхнем этаже появилась протечка с крыши.","roof","10","10","autumn"
"132","2025-10-04 08:53:00","26","Северная управа","Северный","Мира","19","Нет света в подъезде","Жители сообщают об отключении света в доме.","electricity","10","8","autumn"
"2","2025-10-05 22:49:00","42","Северная управа","Промышленный","Заводская","17А","Слабое отопление в квартире","Батареи остаются холодными с утра, температура в квартире низкая.","heating","10","22","autumn"
"31","2025-10-06 12:02:00","38","Северная управа","Северный","Парковая","27","Не убран двор","После снегопада двор не обработан против гололеда.","yard","10","12","autumn"
"170","2025-10-08 06:58:00","58","Южная управа","Южный","Школьная","41","Канализация не работает","Канализация переполнена, стоки выходят наружу.","sewer","10","6","autumn"
"230","2025-10-09 17:20:00","69","Южная управа","Пригородный","Полевая","29","Прорыв стояка","На лестничной площадке появилась течь, вода стекает вниз.","water_leak","10","17","autumn"
"370","2025-10-11 05:14:00","27","Северная управа","Северный","Мира","5А","Поломка лифта в подъезде","Кнопки лифта не реагируют, нужна диагностика.","elevator","10","5","autumn"
"39","2025-10-11 06:28:00","12","Центральная управа","Центральный","Гагарина","37","Скользко у подъезда","Во дворе не убран снег и лед, проход опасен.","yard","10","6","autumn"
"342","2025-10-13 17:09:00","36","Северная управа","Северный","Парковая","19","Течь в подвале","На лестничной площадке появилась течь, вода стекает вниз.","water_leak","10","17","autumn"
"234","2025-10-16 19:38:00","46","Северная управа","Промышленный","Энергетиков","13","Слабое отопление в квартире","Батареи остаются холодными с утра, температура в квартире низкая.","heating","10","19","autumn"
"315","2025-10-19 08:26:00","53","Южная управа","Южный","Садовая","13","Проблема с мусорной площадкой","Рядом с домом образовалась свалка бытового мусора.","garbage","10","8","autumn"
"24","2025-10-20 02:31:00","1","Центральная управа","Центральный","Ленина","9","Протекает труба в подъезде","Из стояка течет вода, жители жалуются на сырость.","water_leak","10","2","autumn"
"395","2025-10-21 03:22:00","14","Центральная управа","Центральный","Гагарина","3","Скользко у подъезда","После снегопада двор не обработан против гололеда.","yard","10","3","autumn"
"292","2025-10-22 01:12:00","61","Южная управа","Южный","Строителей","43","Протекает крыша","После осадков с потолка течет вода, требуется проверка кровли.","roof","10","1","autumn"
"227","2025-10-22 07:42:00","73","Южная управа","Пригородный","Солнечная","49","Протекает труба в подъезде","На лестничной площадке появилась течь, вода стекает вниз.","water_leak","10","7","autumn"
"347","2025-10-24 12:39:00","61","Южная управа","Южный","Строителей","43","Холодные батареи","Отопление подается с перебоями, нужно проверить систему.","heating","10","12","autumn"
"75","2025-10-24 16:08:00","62","Южная управа","Южный","Строителей","29А","Скопление мусора у дома","Мусор не вывозился несколько дней, требуется уборка.","garbage","10","16","autumn"
"215","2025-10-25 09:32:00","27","Северная управа","Северный","Мира","5А","Не работает лифт","Кнопки лифта не реагируют, нужна диагностика.","elevator","10","9","autumn"
"352","2025-10-26 04:55:00","36","Северная управа","Северный","Парковая","19","Лифт не реагирует на вызов","Лифт периодически застревает между этажами.","elevator","10","4","autumn"
"336","2025-10-26 11:47:00","11","Центральная управа","Центральный","Гагарина","27","Протечка трубы","В подвале скапливается вода, требуется срочный осмотр.","water_leak","10","11","autumn"
"160","2025-10-26 18:37:00","77","Южная управа","Пригородный","Солнечная","11Б","Не работает лифт","Кнопки лифта не реагируют, нужна диагностика.","elevator","10","18","autumn"
"355","2025-10-28 15:33:00","20","Центральная управа","Исторический","Пушкина","13А","Нет света в подъезде","Освещение в подъезде не работает со вчерашнего вечера.","electricity","10","15","autumn"
"107","2025-10-29 04:50:00","21","Центральная управа","Исторический","Пушкина","15А","Протекает труба в подъезде","В подвале скапливается вода, требуется срочный осмотр.","water_leak","10","4","autumn"
"146","2025-10-30 08:26:00","70","Южная управа","Пригородный","Полевая","37","Холодные батареи","Батареи остаются холодными с утра, температура в квартире низкая.","heating","10","8","autumn"
"34","2025-11-01 06:22:00","35","Северная управа","Северный","Парковая","31","Засор канализации","Из подвала идет сильный запах, вероятен засор канализации.","sewer","11","6","autumn"
"281","2025-11-02 06:04:00","46","Северная управа","Промышленный","Энергетиков","13","Прорыв стояка","На лестничной площадке появилась течь, вода стекает вниз.","water_leak","11","6","autumn"
"101","2025-11-03 20:55:00","77","Южная управа","Пригородный","Солнечная","11Б","Скопление мусора у дома","Рядом с домом образовалась свалка бытового мусора.","garbage","11","20","autumn"
"223","2025-11-05 07:54:00","47","Северная управа","Промышленный","Энергетиков","27Б","Залив квартиры с крыши","На верхнем этаже появилась протечка с крыши.","roof","11","7","autumn"
"316","2025-11-08 07:48:00","18","Центральная управа","Исторический","Пушкина","5А","Лифт застревает","Кнопки лифта не реагируют, нужна диагностика.","elevator","11","7","autumn"
"404","2025-11-08 09:17:00","48","Северная управа","Промышленный","Энергетиков","39А","Не горит освещение на этаже","На площадке мигает свет и отключается электричество.","electricity","11","9","autumn"
"67","2025-11-11 08:25:00","10","Центральная управа","Центральный","Советская","7А","Канализация не работает","Канализация переполнена, стоки выходят наружу.","sewer","11","8","autumn"
"274","2025-11-11 13:11:00","36","Северная управа","Северный","Парковая","19","Переполнены контейнеры","Контейнерная площадка переполнена, мусор разлетается по двору.","garbage","11","13","autumn"
"171","2025-11-12 18:37:00","74","Южная управа","Пригородный","Солнечная","29Б","Проблема с подачей тепла","В нескольких квартирах подъезда батареи еле теплые.","heating","11","18","autumn"
"261","2025-11-14 09:46:00","60","Южная управа","Южный","Строителей","13Б","Нет света в подъезде","На площадке мигает свет и отключается электричество.","electricity","11","9","autumn"
"225","2025-11-17 19:49:00","54","Южная управа","Южный","Садовая","31","Не вывозят мусор","Рядом с домом образовалась свалка бытового мусора.","garbage","11","19","autumn"
"61","2025-11-18 17:43:00","1","Центральная управа","Центральный","Ленина","9","Протекает труба в подъезде","Из стояка течет вода, жители жалуются на сырость.","water_leak","11","17","autumn"
"202","2025-11-20 00:39:00","20","Центральная управа","Исторический","Пушкина","13А","Скопление мусора у дома","Контейнерная площадка переполнена, мусор разлетается по двору.","garbage","11","0","autumn"
"115","2025-11-20 19:31:00","18","Центральная управа","Исторический","Пушкина","5А","Течь в подвале","На лестничной площадке появилась течь, вода стекает вниз.","water_leak","11","19","autumn"
"6","2025-11-21 04:31:00","41","Северная управа","Промышленный","Заводская","45Б","Проблема с подачей тепла","Отопление подается с перебоями, нужно проверить систему.","heating","11","4","autumn"
"401","2025-11-21 21:57:00","1","Центральная управа","Центральный","Ленина","9","Протекает труба в подъезде","На лестничной площадке появилась течь, вода стекает вниз.","water_leak","11","21","autumn"
"341","2025-11-22 03:40:00","16","Центральная управа","Центральный","Гагарина","41А","Прорыв стояка","Из стояка течет вода, жители жалуются на сырость.","water_leak","11","3","autumn"
"186","2025-11-22 14:32:00","24","Центральная управа","Исторический","Набережная","23А","Прорыв стояка","На лестничной площадке появилась течь, вода стекает вниз.","water_leak","11","14","autumn"
"325","2025-11-28 22:22:00","21","Центральная управа","Исторический","Пушкина","15А","Прорыв стояка","В подвале скапливается вода, требуется срочный осмотр.","water_leak","11","22","autumn"
"112","2025-11-29 00:21:00","9","Центральная управа","Центральный","Советская","21","Не вывозят мусор","Контейнерная площадка переполнена, мусор разлетается по двору.","garbage","11","0","autumn"
"199","2025-12-01 18:46:00","39","Северная управа","Северный","Парковая","17Б","Канализация не работает","Канализация переполнена, стоки выходят наружу.","sewer","12","18","winter"
"312","2025-12-02 13:38:00","32","Северная управа","Северный","Молодежная","3","Не вывозят мусор","Контейнерная площадка переполнена, мусор разлетается по двору.","garbage","12","13","winter"
"145","2025-12-04 02:06:00","48","Северная управа","Промышленный","Энергетиков","39А","Нет отопления","В нескольких квартирах подъезда батареи еле теплые.","heating","12","2","winter"
"310","2025-12-04 20:00:00","26","Северная управа","Северный","Мира","19","Лифт застревает","Лифт не поднимается на этажи, жители не могут воспользоваться.","elevator","12","20","winter"
"190","2025-12-05 19:31:00","4","Центральная управа","Центральный","Ленина","39","Неприятный запах из подвала","Из подвала идет сильный запах, вероятен засор канализации.","sewer","12","19","winter"
"172","2025-12-06 16:09:00","41","Северная управа","Промышленный","Заводская","45Б","Нет отопления","Батареи остаются холодными с утра, температура в квартире низкая.","heating","12","16","winter"
"209","2025-12-06 18:31:00","46","Северная управа","Промышленный","Энергетиков","13","Протечка трубы","В подвале скапливается вода, требуется срочный осмотр.","water_leak","12","18","winter"
"150","2025-12-07 22:55:00","1","Центральная управа","Центральный","Ленина","9","Протечка трубы","В подвале скапливается вода, требуется срочный осмотр.","water_leak","12","22","winter"
"8","2025-12-10 13:59:00","35","Северная управа","Северный","Парковая","31","Холодные батареи","В нескольких квартирах подъезда батареи еле теплые.","heating","12","13","winter"
"317","2025-12-12 11:43:00","67","Южная управа","Пригородный","Полевая","9Б","Протекает труба в подъезде","Из стояка течет вода, жители жалуются на сырость.","water_leak","12","11","winter"
"302","2025-12-12 14:17:00","29","Северная управа","Северный","Мира","3А","Неприятный запах из подвала","Жильцы жалуются на затопление и запах в подъезде.","sewer","12","14","winter"
"229","2025-12-13 06:18:00","11","Центральная управа","Центральный","Гагарина","27","Засор канализации","Жильцы жалуются на затопление и запах в подъезде.","sewer","12","6","winter"
"387","2025-12-15 12:21:00","37","Северная управа","Северный","Парковая","23А","Протекает труба в подъезде","В подвале скапливается вода, требуется срочный осмотр.","water_leak","12","12","winter"
"59","2025-12-17 01:49:00","74","Южная управа","Пригородный","Солнечная","29Б","Переполнены контейнеры","Рядом с домом образовалась свалка бытового мусора.","garbage","12","1","winter"
"361","2025-12-17 16:09:00","44","Северная управа","Промышленный","Заводская","23","Холодные батареи","Отопление подается с перебоями, нужно проверить систему.","heating","12","16","winter"
"396","2025-12-19 20:41:00","18","Центральная управа","Исторический","Пушкина","5А","Проблема с подачей тепла","В нескольких квартирах подъезда батареи еле теплые.","heating","12","20","winter"
"278","2025-12-20 03:27:00","52","Южная управа","Южный","Садовая","47","Перебои с электричеством","Освещение в подъезде не работает со вчерашнего вечера.","electricity","12","3","winter"
"165","2025-12-25 21:36:00","64","Южная управа","Южный","Строителей","17","Переполнены контейнеры","Контейнерная площадка переполнена, мусор разлетается по двору.","garbage","12","21","winter"
"26","2025-12-25 22:50:00","7","Центральная управа","Центральный","Советская","27","Переполнены контейнеры","Рядом с домом образовалась свалка бытового мусора.","garbage","12","22","winter"
"322","2025-12-29 04:32:00","71","Южная управа","Пригородный","Полевая","31","Неприятный запах из подвала","Из подвала идет сильный запах, вероятен засор канализации.","sewer","12","4","winter"
"4","2025-12-29 21:46:00","33","Северная управа","Северный","Молодежная","5А","Протекает труба в подъезде","На лестничной площадке появилась течь, вода стекает вниз.","water_leak","12","21","winter"
"82","2025-12-31 06:35:00","43","Северная управа","Промышленный","Заводская","9","Протечка трубы","В подвале скапливается вода, требуется срочный осмотр.","water_leak","12","6","winter"
"243","2025-12-31 11:04:00","2","Центральная управа","Центральный","Ленина","27","Протекает труба в подъезде","На лестничной площадке появилась течь, вода стекает вниз.","water_leak","12","11","winter"
"17","2026-01-01 14:19:00","42","Северная управа","Промышленный","Заводская","17А","Слабое отопление в квартире","В нескольких квартирах подъезда батареи еле теплые.","heating","1","14","winter"
"89","2026-01-01 21:37:00","74","Южная управа","Пригородный","Солнечная","29Б","Протечка трубы","В подвале скапливается вода, требуется срочный осмотр.","water_leak","1","21","winter"
"180","2026-01-02 01:16:00","31","Северная управа","Северный","Молодежная","3Б","Нет света в подъезде","Жители сообщают об отключении света в доме.","electricity","1","1","winter"
"213","2026-01-03 02:49:00","20","Центральная управа","Исторический","Пушкина","13А","Течь с потолка после дождя","На верхнем этаже появилась протечка с крыши.","roof","1","2","winter"
"212","2026-01-04 20:39:00","67","Южная управа","Пригородный","Полевая","9Б","Холодные батареи","Отопление подается с перебоями, нужно проверить систему.","heating","1","20","winter"
"375","2026-01-05 03:24:00","13","Центральная управа","Центральный","Гагарина","45А","Не вывозят мусор","Контейнерная площадка переполнена, мусор разлетается по двору.","garbage","1","3","winter"
"382","2026-01-05 15:24:00","28","Северная управа","Северный","Мира","5","Затопление канализацией","Канализация переполнена, стоки выходят наружу.","sewer","1","15","winter"
"23","2026-01-07 09:35:00","64","Южная управа","Южный","Строителей","17","Протекает крыша","Жители сообщают о повреждении покрытия кровли.","roof","1","9","winter"
"78","2026-01-07 13:47:00","37","Северная управа","Северный","Парковая","23А","Переполнены контейнеры","Рядом с домом образовалась свалка бытового мусора.","garbage","1","13","winter"
"299","2026-01-10 05:46:00","68","Южная управа","Пригородный","Полевая","11","Переполнены контейнеры","Мусор не вывозился несколько дней, требуется уборка.","garbage","1","5","winter"
"164","2026-01-11 15:33:00","24","Центральная управа","Исторический","Набережная","23А","Залив квартиры с крыши","На верхнем этаже появилась протечка с крыши.","roof","1","15","winter"
"166","2026-01-12 03:40:00","40","Северная управа","Промышленный","Заводская","37","Скользко у подъезда","После снегопада двор не обработан против гололеда.","yard","1","3","winter"
"330","2026-01-14 08:32:00","48","Северная управа","Промышленный","Энергетиков","39А","Скользко у подъезда","После снегопада двор не обработан против гололеда.","yard","1","8","winter"
"99","2026-01-15 17:31:00","62","Южная управа","Южный","Строителей","29А","Отключение электроэнергии","Освещение в подъезде не работает со вчерашнего вечера.","electricity","1","17","winter"
"254","2026-01-18 06:34:00","15","Центральная управа","Центральный","Гагарина","29Б","Не горит освещение на этаже","Освещение в подъезде не работает со вчерашнего вечера.","electricity","1","6","winter"
"413","2026-01-24 10:30:00","14","Центральная управа","Центральный","Гагарина","3","Протечка трубы","На лестничной площадке появилась течь, вода стекает вниз.","water_leak","1","10","winter"
"105","2026-01-27 08:57:00","49","Северная управа","Промышленный","Энергетиков","37","Нет света в подъезде","На площадке мигает свет и отключается электричество.","electricity","1","8","winter"
"129","2026-01-27 11:35:00","70","Южная управа","Пригородный","Полевая","37","Слабое отопление в квартире","Батареи остаются холодными с утра, температура в квартире низкая.","heating","1","11","winter"
"195","2026-01-28 00:11:00","18","Центральная управа","Исторический","Пушкина","5А","Переполнены контейнеры","Мусор не вывозился несколько дней, требуется уборка.","garbage","1","0","winter"
"47","2026-02-02 04:53:00","63","Южная управа","Южный","Строителей","33","Протечка трубы","Из стояка течет вода, жители жалуются на сырость.","water_leak","2","4","winter"
"174","2026-02-02 16:04:00","61","Южная управа","Южный","Строителей","43","Не работает лифт","Лифт не поднимается на этажи, жители не могут воспользоваться.","elevator","2","16","winter"
"3","2026-02-04 15:11:00","20","Центральная управа","Исторический","Пушкина","13А","Лифт застревает","Лифт не поднимается на этажи, жители не могут воспользоваться.","elevator","2","15","winter"
"276","2026-02-04 16:58:00","35","Северная управа","Северный","Парковая","31","Отключение электроэнергии","На площадке мигает свет и отключается электричество.","electricity","2","16","winter"
"10","2026-02-05 00:17:00","68","Южная управа","Пригородный","Полевая","11","Повреждение кровли","После осадков с потолка течет вода, требуется проверка кровли.","roof","2","0","winter"
"33","2026-02-05 06:52:00","61","Южная управа","Южный","Строителей","43","Не работает лифт","Лифт периодически застревает между этажами.","elevator","2","6","winter"
"350","2026-02-05 13:07:00","62","Южная управа","Южный","Строителей","29А","Нужна уборка территории","Во дворе не убран снег и лед, проход опасен.","yard","2","13","winter"
"384","2026-02-09 00:06:00","18","Центральная управа","Исторический","Пушкина","5А","Не горит освещение на этаже","На площадке мигает свет и отключается электричество.","electricity","2","0","winter"
"121","2026-02-09 13:13:00","38","Северная управа","Северный","Парковая","27","Переполнены контейнеры","Контейнерная площадка переполнена, мусор разлетается по двору.","garbage","2","13","winter"
"27","2026-02-13 04:16:00","35","Северная управа","Северный","Парковая","31","Лифт не реагирует на вызов","Лифт периодически застревает между этажами.","elevator","2","4","winter"
"383","2026-02-17 01:15:00","24","Центральная управа","Исторический","Набережная","23А","Холодные батареи","Отопление подается с перебоями, нужно проверить систему.","heating","2","1","winter"
"216","2026-02-19 04:10:00","7","Центральная управа","Центральный","Советская","27","Прорыв стояка","В подвале скапливается вода, требуется срочный осмотр.","water_leak","2","4","winter"
"397","2026-02-19 23:27:00","47","Северная управа","Промышленный","Энергетиков","27Б","Повреждение кровли","После осадков с потолка течет вода, требуется проверка кровли.","roof","2","23","winter"
"314","2026-02-21 22:22:00","4","Центральная управа","Центральный","Ленина","39","Проблема с подачей тепла","Батареи остаются холодными с утра, температура в квартире низкая.","heating","2","22","winter"
"339","2026-02-27 01:05:00","73","Южная управа","Пригородный","Солнечная","49","Скользко у подъезда","Во дворе не убран снег и лед, проход опасен.","yard","2","1","winter"
"20","2026-02-27 12:12:00","70","Южная управа","Пригородный","Полевая","37","Отключение электроэнергии","Жители сообщают об отключении света в доме.","electricity","2","12","winter"
"83","2026-02-27 21:08:00","24","Центральная управа","Исторический","Набережная","23А","Не работает лифт","Лифт периодически застревает между этажами.","elevator","2","21","winter"
"348","2026-03-01 15:57:00","18","Центральная управа","Исторический","Пушкина","5А","Протекает труба в подъезде","На лестничной площадке появилась течь, вода стекает вниз.","water_leak","3","15","spring"
"415","2026-03-01 18:12:00","25","Центральная управа","Исторический","Набережная","33","Повреждение кровли","После осадков с потолка течет вода, требуется проверка кровли.","roof","3","18","spring"
"38","2026-03-03 02:17:00","53","Южная управа","Южный","Садовая","13","Прорыв стояка","Из стояка течет вода, жители жалуются на сырость.","water_leak","3","2","spring"
"118","2026-03-06 07:02:00","59","Южная управа","Южный","Школьная","5Б","Течь с потолка после дождя","Жители сообщают о повреждении покрытия кровли.","roof","3","7","spring"
"163","2026-03-06 22:14:00","57","Южная управа","Южный","Школьная","17А","Проблема с подачей тепла","Отопление подается с перебоями, нужно проверить систему.","heating","3","22","spring"
"133","2026-03-07 11:47:00","41","Северная управа","Промышленный","Заводская","45Б","Проблема с подачей тепла","Батареи остаются холодными с утра, температура в квартире низкая.","heating","3","11","spring"
"321","2026-03-07 21:50:00","7","Центральная управа","Центральный","Советская","27","Не работает лифт","Лифт не поднимается на этажи, жители не могут воспользоваться.","elevator","3","21","spring"
"337","2026-03-11 20:25:00","67","Южная управа","Пригородный","Полевая","9Б","Не работает лифт","Кнопки лифта не реагируют, нужна диагностика.","elevator","3","20","spring"
"29","2026-03-12 00:33:00","40","Северная управа","Промышленный","Заводская","37","Повреждение кровли","После осадков с потолка течет вода, требуется проверка кровли.","roof","3","0","spring"
"179","2026-03-14 03:09:00","77","Южная управа","Пригородный","Солнечная","11Б","Проблема с мусорной площадкой","Мусор не вывозился несколько дней, требуется уборка.","garbage","3","3","spring"
"381","2026-03-15 22:46:00","3","Центральная управа","Центральный","Ленина","15А","Скопление мусора у дома","Мусор не вывозился несколько дней, требуется уборка.","garbage","3","22","spring"
"11","2026-03-20 07:56:00","51","Южная управа","Южный","Садовая","3","Проблема с мусорной площадкой","Контейнерная площадка переполнена, мусор разлетается по двору.","garbage","3","7","spring"
"231","2026-03-20 19:04:00","20","Центральная управа","Исторический","Пушкина","13А","Не горит освещение на этаже","На площадке мигает свет и отключается электричество.","electricity","3","19","spring"
"92","2026-03-22 05:19:00","75","Южная управа","Пригородный","Солнечная","41","Нет отопления","Батареи остаются холодными с утра, температура в квартире низкая.","heating","3","5","spring"
"357","2026-03-24 21:28:00","23","Центральная управа","Исторический","Набережная","27","Лифт не реагирует на вызов","Лифт периодически застревает между этажами.","elevator","3","21","spring"
"130","2026-03-26 22:34:00","26","Северная управа","Северный","Мира","19","Не работает лифт","Кнопки лифта не реагируют, нужна диагностика.","elevator","3","22","spring"
"379","2025-01-05 00:32:00","75","Южная управа","Пригородный","Солнечная","41","Не горит освещение на этаже","Освещение в подъезде не работает со вчерашнего вечера.","electricity","1","0","winter"
"49","2025-01-07 08:13:00","55","Южная управа","Южный","Садовая","7Б","Затопление канализацией","Канализация переполнена, стоки выходят наружу.","sewer","1","8","winter"
"241","2025-01-11 13:53:00","31","Северная управа","Северный","Молодежная","3Б","Не горит освещение на этаже","На площадке мигает свет и отключается электричество.","electricity","1","13","winter"
"318","2025-01-14 20:25:00","44","Северная управа","Промышленный","Заводская","23","Не убран двор","После снегопада двор не обработан против гололеда.","yard","1","20","winter"
"18","2025-01-19 09:25:00","67","Южная управа","Пригородный","Полевая","9Б","Нет света в подъезде","На площадке мигает свет и отключается электричество.","electricity","1","9","winter"
"40","2025-01-20 02:10:00","38","Северная управа","Северный","Парковая","27","Протечка трубы","В подвале скапливается вода, требуется срочный осмотр.","water_leak","1","2","winter"
"266","2025-01-22 15:06:00","19","Центральная управа","Исторический","Пушкина","33","Прорыв стояка","В подвале скапливается вода, требуется срочный осмотр.","water_leak","1","15","winter"
"271","2025-01-23 00:03:00","44","Северная управа","Промышленный","Заводская","23","Не горит освещение на этаже","На площадке мигает свет и отключается электричество.","electricity","1","0","winter"
"270","2025-01-27 16:13:00","46","Северная управа","Промышленный","Энергетиков","13","Течь в подвале","На лестничной площадке появилась течь, вода стекает вниз.","water_leak","1","16","winter"
"301","2025-01-27 18:23:00","42","Северная управа","Промышленный","Заводская","17А","Отключение электроэнергии","Жители сообщают об отключении света в доме.","electricity","1","18","winter"
"81","2025-02-01 12:54:00","23","Центральная управа","Исторический","Набережная","27","Нет света в подъезде","На площадке мигает свет и отключается электричество.","electricity","2","12","winter"
"13","2025-02-14 01:50:00","52","Южная управа","Южный","Садовая","47","Холодные батареи","В нескольких квартирах подъезда батареи еле теплые.","heating","2","1","winter"
"60","2025-02-19 16:14:00","34","Северная управа","Северный","Молодежная","47","Протечка трубы","Из стояка течет вода, жители жалуются на сырость.","water_leak","2","16","winter"
"221","2025-02-23 01:45:00","44","Северная управа","Промышленный","Заводская","23","Протекает труба в подъезде","На лестничной площадке появилась течь, вода стекает вниз.","water_leak","2","1","winter"
"22","2025-03-02 08:06:00","30","Северная управа","Северный","Молодежная","27","Протечка трубы","Из стояка течет вода, жители жалуются на сырость.","water_leak","3","8","spring"
"351","2025-03-03 23:36:00","4","Центральная управа","Центральный","Ленина","39","Скопление мусора у дома","Рядом с домом образовалась свалка бытового мусора.","garbage","3","23","spring"
"125","2025-03-05 08:58:00","6","Центральная управа","Центральный","Ленина","17","Поломка лифта в подъезде","Лифт периодически застревает между этажами.","elevator","3","8","spring"
"123","2025-03-07 02:20:00","65","Южная управа","Южный","Строителей","3","Нет отопления","В нескольких квартирах подъезда батареи еле теплые.","heating","3","2","spring"
"207","2025-03-07 21:04:00","27","Северная управа","Северный","Мира","5А","Течь в подвале","Из стояка течет вода, жители жалуются на сырость.","water_leak","3","21","spring"
"30","2025-03-10 11:22:00","9","Центральная управа","Центральный","Советская","21","Затопление канализацией","Жильцы жалуются на затопление и запах в подъезде.","sewer","3","11","spring"
"127","2025-03-11 19:35:00","43","Северная управа","Промышленный","Заводская","9","Протечка трубы","В подвале скапливается вода, требуется срочный осмотр.","water_leak","3","19","spring"
"300","2025-03-12 02:09:00","40","Северная управа","Промышленный","Заводская","37","Холодные батареи","В нескольких квартирах подъезда батареи еле теплые.","heating","3","2","spring"
"277","2025-03-12 08:55:00","3","Центральная управа","Центральный","Ленина","15А","Канализация не работает","Жильцы жалуются на затопление и запах в подъезде.","sewer","3","8","spring"
"96","2025-03-20 13:39:00","20","Центральная управа","Исторический","Пушкина","13А","Канализация не работает","Из подвала идет сильный запах, вероятен засор канализации.","sewer","3","13","spring"
"162","2025-03-26 07:09:00","4","Центральная управа","Центральный","Ленина","39","Не горит освещение на этаже","Освещение в подъезде не работает со вчерашнего вечера.","electricity","3","7","spring"
"260","2025-04-01 09:46:00","39","Северная управа","Северный","Парковая","17Б","Прорыв стояка","На лестничной площадке появилась течь, вода стекает вниз.","water_leak","4","9","spring"
"324","2025-04-02 22:32:00","24","Центральная управа","Исторический","Набережная","23А","Перебои с электричеством","Освещение в подъезде не работает со вчерашнего вечера.","electricity","4","22","spring"
"334","2025-04-04 16:38:00","72","Южная управа","Пригородный","Солнечная","23","Затопление канализацией","Из подвала идет сильный запах, вероятен засор канализации.","sewer","4","16","spring"
"144","2025-04-13 00:55:00","16","Центральная управа","Центральный","Гагарина","41А","Нет отопления","Батареи остаются холодными с утра, температура в квартире низкая.","heating","4","0","spring"
"306","2025-04-14 21:25:00","55","Южная управа","Южный","Садовая","7Б","Скользко у подъезда","После снегопада двор не обработан против гололеда.","yard","4","21","spring"
"65","2025-04-16 18:30:00","72","Южная управа","Пригородный","Солнечная","23","Протечка трубы","В подвале скапливается вода, требуется срочный осмотр.","water_leak","4","18","spring"
"263","2025-04-29 22:39:00","20","Центральная управа","Исторический","Пушкина","13А","Отключение электроэнергии","На площадке мигает свет и отключается электричество.","electricity","4","22","spring"
"360","2025-05-06 09:37:00","59","Южная управа","Южный","Школьная","5Б","Проблема с подачей тепла","Батареи остаются холодными с утра, температура в квартире низкая.","heating","5","9","spring"
"126","2025-05-07 19:41:00","31","Северная управа","Северный","Молодежная","3Б","Протекает труба в подъезде","На лестничной площадке появилась течь, вода стекает вниз.","water_leak","5","19","spring"
"141","2025-05-17 09:37:00","75","Южная управа","Пригородный","Солнечная","41","Нет света в подъезде","Жители сообщают об отключении света в доме.","electricity","5","9","spring"
"198","2025-05-19 14:25:00","77","Южная управа","Пригородный","Солнечная","11Б","Холодные батареи","Батареи остаются холодными с утра, температура в квартире низкая.","heating","5","14","spring"
"203","2025-05-21 06:57:00","30","Северная управа","Северный","Молодежная","27","Протекает крыша","Жители сообщают о повреждении покрытия кровли.","roof","5","6","spring"
"296","2025-05-31 10:50:00","40","Северная управа","Промышленный","Заводская","37","Течь в подвале","В подвале скапливается вода, требуется срочный осмотр.","water_leak","5","10","spring"
"332","2025-06-14 19:57:00","51","Южная управа","Южный","Садовая","3","Перебои с электричеством","На площадке мигает свет и отключается электричество.","electricity","6","19","summer"
"288","2025-06-15 21:37:00","74","Южная управа","Пригородный","Солнечная","29Б","Течь в подвале","В подвале скапливается вода, требуется срочный осмотр.","water_leak","6","21","summer"
"390","2025-06-16 16:09:00","46","Северная управа","Промышленный","Энергетиков","13","Нет света в подъезде","На площадке мигает свет и отключается электричество.","electricity","6","16","summer"
"374","2025-06-25 09:13:00","48","Северная управа","Промышленный","Энергетиков","39А","Протекает труба в подъезде","На лестничной площадке появилась течь, вода стекает вниз.","water_leak","6","9","summer"
"259","2025-06-26 10:05:00","48","Северная управа","Промышленный","Энергетиков","39А","Перебои с электричеством","Освещение в подъезде не работает со вчерашнего вечера.","electricity","6","10","summer"
"84","2025-06-28 08:53:00","2","Центральная управа","Центральный","Ленина","27","Не работает лифт","Кнопки лифта не реагируют, нужна диагностика.","elevator","6","8","summer"
"335","2025-06-30 09:57:00","12","Центральная управа","Центральный","Гагарина","37","Течь в подвале","На лестничной площадке появилась течь, вода стекает вниз.","water_leak","6","9","summer"
"393","2025-07-01 02:27:00","69","Южная управа","Пригородный","Полевая","29","Нет света в подъезде","Жители сообщают об отключении света в доме.","electricity","7","2","summer"
"182","2025-07-02 03:40:00","18","Центральная управа","Исторический","Пушкина","5А","Нет света в подъезде","На площадке мигает свет и отключается электричество.","electricity","7","3","summer"
"102","2025-07-07 23:12:00","46","Северная управа","Промышленный","Энергетиков","13","Протекает труба в подъезде","На лестничной площадке появилась течь, вода стекает вниз.","water_leak","7","23","summer"
"217","2025-07-09 07:13:00","68","Южная управа","Пригородный","Полевая","11","Не горит освещение на этаже","На площадке мигает свет и отключается электричество.","electricity","7","7","summer"
"149","2025-07-10 09:59:00","7","Центральная управа","Центральный","Советская","27","Нет света в подъезде","Жители сообщают об отключении света в доме.","electricity","7","9","summer"
"412","2025-07-11 09:46:00","40","Северная управа","Промышленный","Заводская","37","Нет света в подъезде","Жители сообщают об отключении света в доме.","electricity","7","9","summer"
"250","2025-07-16 02:59:00","22","Центральная управа","Исторический","Набережная","5А","Канализация не работает","Канализация переполнена, стоки выходят наружу.","sewer","7","2","summer"
"73","2025-07-21 06:21:00","16","Центральная управа","Центральный","Гагарина","41А","Протечка трубы","Из стояка течет вода, жители жалуются на сырость.","water_leak","7","6","summer"
"106","2025-07-22 09:36:00","68","Южная управа","Пригородный","Полевая","11","Протекает труба в подъезде","В подвале скапливается вода, требуется срочный осмотр.","water_leak","7","9","summer"
"119","2025-07-25 03:33:00","29","Северная управа","Северный","Мира","3А","Переполнены контейнеры","Мусор не вывозился несколько дней, требуется уборка.","garbage","7","3","summer"
"323","2025-07-30 05:36:00","43","Северная управа","Промышленный","Заводская","9","Отключение электроэнергии","Жители сообщают об отключении света в доме.","electricity","7","5","summer"
"333","2025-08-08 01:04:00","69","Южная управа","Пригородный","Полевая","29","Холодные батареи","Отопление подается с перебоями, нужно проверить систему.","heating","8","1","summer"
"305","2025-08-09 20:23:00","62","Южная управа","Южный","Строителей","29А","Скопление мусора у дома","Рядом с домом образовалась свалка бытового мусора.","garbage","8","20","summer"
"181","2025-08-10 14:29:00","33","Северная управа","Северный","Молодежная","5А","Течь в подвале","На лестничной площадке появилась течь, вода стекает вниз.","water_leak","8","14","summer"
"142","2025-08-11 08:36:00","17","Центральная управа","Исторический","Пушкина","9","Протечка трубы","В подвале скапливается вода, требуется срочный осмотр.","water_leak","8","8","summer"
"168","2025-08-11 10:45:00","66","Южная управа","Пригородный","Полевая","49А","Протечка трубы","На лестничной площадке появилась течь, вода стекает вниз.","water_leak","8","10","summer"
"77","2025-08-13 08:43:00","62","Южная управа","Южный","Строителей","29А","Протечка трубы","На лестничной площадке появилась течь, вода стекает вниз.","water_leak","8","8","summer"
"294","2025-08-16 04:41:00","1","Центральная управа","Центральный","Ленина","9","Гололед во дворе","Во дворе не убран снег и лед, проход опасен.","yard","8","4","summer"
"297","2025-08-17 03:16:00","27","Северная управа","Северный","Мира","5А","Канализация не работает","Канализация переполнена, стоки выходят наружу.","sewer","8","3","summer"
"71","2025-08-17 09:18:00","66","Южная управа","Пригородный","Полевая","49А","Протекает труба в подъезде","Из стояка течет вода, жители жалуются на сырость.","water_leak","8","9","summer"
"380","2025-08-19 04:01:00","27","Северная управа","Северный","Мира","5А","Не горит освещение на этаже","На площадке мигает свет и отключается электричество.","electricity","8","4","summer"
"399","2025-08-21 20:19:00","23","Центральная управа","Исторический","Набережная","27","Не горит освещение на этаже","Освещение в подъезде не работает со вчерашнего вечера.","electricity","8","20","summer"
"394","2025-08-26 04:52:00","70","Южная управа","Пригородный","Полевая","37","Проблема с подачей тепла","Батареи остаются холодными с утра, температура в квартире низкая.","heating","8","4","summer"
"69","2025-08-26 11:40:00","75","Южная управа","Пригородный","Солнечная","41","Течь в подвале","На лестничной площадке появилась течь, вода стекает вниз.","water_leak","8","11","summer"
"173","2025-08-27 02:36:00","11","Центральная управа","Центральный","Гагарина","27","Слабое отопление в квартире","Отопление подается с перебоями, нужно проверить систему.","heating","8","2","summer"
"55","2025-08-31 15:57:00","48","Северная управа","Промышленный","Энергетиков","39А","Прорыв стояка","Из стояка течет вода, жители жалуются на сырость.","water_leak","8","15","summer"
"304","2025-09-08 18:50:00","15","Центральная управа","Центральный","Гагарина","29Б","Протечка трубы","Из стояка течет вода, жители жалуются на сырость.","water_leak","9","18","autumn"
"140","2025-09-09 17:51:00","22","Центральная управа","Исторический","Набережная","5А","Холодные батареи","Батареи остаются холодными с утра, температура в квартире низкая.","heating","9","17","autumn"
"128","2025-09-10 21:46:00","13","Центральная управа","Центральный","Гагарина","45А","Канализация не работает","Жильцы жалуются на затопление и запах в подъезде.","sewer","9","21","autumn"
"290","2025-09-13 02:27:00","42","Северная управа","Промышленный","Заводская","17А","Нет света в подъезде","Освещение в подъезде не работает со вчерашнего вечера.","electricity","9","2","autumn"
"303","2025-09-15 09:34:00","40","Северная управа","Промышленный","Заводская","37","Отключение электроэнергии","Освещение в подъезде не работает со вчерашнего вечера.","electricity","9","9","autumn"
"1","2025-09-23 09:07:00","32","Северная управа","Северный","Молодежная","3","Канализация не работает","Жильцы жалуются на затопление и запах в подъезде.","sewer","9","9","autumn"
"176","2025-09-26 09:58:00","1","Центральная управа","Центральный","Ленина","9","Канализация не работает","Канализация переполнена, стоки выходят наружу.","sewer","9","9","autumn"
"211","2025-09-28 18:55:00","20","Центральная управа","Исторический","Пушкина","13А","Не убран двор","Во дворе не убран снег и лед, проход опасен.","yard","9","18","autumn"
"353","2025-09-29 08:02:00","1","Центральная управа","Центральный","Ленина","9","Перебои с электричеством","На площадке мигает свет и отключается электричество.","electricity","9","8","autumn"
"151","2025-10-11 04:51:00","58","Южная управа","Южный","Школьная","41","Перебои с электричеством","Жители сообщают об отключении света в доме.","electricity","10","4","autumn"
"233","2025-10-11 12:29:00","65","Южная управа","Южный","Строителей","3","Прорыв стояка","На лестничной площадке появилась течь, вода стекает вниз.","water_leak","10","12","autumn"
"210","2025-10-16 18:45:00","45","Северная управа","Промышленный","Энергетиков","9","Прорыв стояка","На лестничной площадке появилась течь, вода стекает вниз.","water_leak","10","18","autumn"
"392","2025-10-20 07:48:00","17","Центральная управа","Исторический","Пушкина","9","Течь в подвале","На лестничной площадке появилась течь, вода стекает вниз.","water_leak","10","7","autumn"
"15","2025-10-21 20:21:00","50","Северная управа","Промышленный","Энергетиков","29Б","Прорыв стояка","Из стояка течет вода, жители жалуются на сырость.","water_leak","10","20","autumn"
"54","2025-10-22 00:30:00","54","Южная управа","Южный","Садовая","31","Отключение электроэнергии","Жители сообщают об отключении света в доме.","electricity","10","0","autumn"
"147","2025-10-25 12:58:00","37","Северная управа","Северный","Парковая","23А","Затопление канализацией","Канализация переполнена, стоки выходят наружу.","sewer","10","12","autumn"
"88","2025-10-30 19:22:00","57","Южная управа","Южный","Школьная","17А","Протекает крыша","После осадков с потолка течет вода, требуется проверка кровли.","roof","10","19","autumn"
"158","2025-11-13 12:53:00","35","Северная управа","Северный","Парковая","31","Течь в подвале","В подвале скапливается вода, требуется срочный осмотр.","water_leak","11","12","autumn"
"219","2025-11-19 19:11:00","37","Северная управа","Северный","Парковая","23А","Засор канализации","Канализация переполнена, стоки выходят наружу.","sewer","11","19","autumn"
"175","2025-11-21 06:09:00","61","Южная управа","Южный","Строителей","43","Перебои с электричеством","Жители сообщают об отключении света в доме.","electricity","11","6","autumn"
"377","2025-11-29 13:11:00","36","Северная управа","Северный","Парковая","19","Проблема с подачей тепла","Отопление подается с перебоями, нужно проверить систему.","heating","11","13","autumn"
"98","2025-12-02 04:49:00","50","Северная управа","Промышленный","Энергетиков","29Б","Протечка трубы","Из стояка течет вода, жители жалуются на сырость.","water_leak","12","4","winter"
"365","2025-12-03 01:06:00","75","Южная управа","Пригородный","Солнечная","41","Отключение электроэнергии","На площадке мигает свет и отключается электричество.","electricity","12","1","winter"
"389","2025-12-03 07:04:00","74","Южная управа","Пригородный","Солнечная","29Б","Не горит освещение на этаже","Освещение в подъезде не работает со вчерашнего вечера.","electricity","12","7","winter"
"237","2025-12-07 09:52:00","77","Южная управа","Пригородный","Солнечная","11Б","Прорыв стояка","В подвале скапливается вода, требуется срочный осмотр.","water_leak","12","9","winter"
"124","2025-12-08 13:34:00","54","Южная управа","Южный","Садовая","31","Протечка трубы","В подвале скапливается вода, требуется срочный осмотр.","water_leak","12","13","winter"
"343","2025-12-13 07:32:00","56","Южная управа","Южный","Школьная","7","Нет света в подъезде","На площадке мигает свет и отключается электричество.","electricity","12","7","winter"
"193","2025-12-14 08:50:00","73","Южная управа","Пригородный","Солнечная","49","Не горит освещение на этаже","Освещение в подъезде не работает со вчерашнего вечера.","electricity","12","8","winter"
"406","2025-12-14 11:11:00","17","Центральная управа","Исторический","Пушкина","9","Протекает труба в подъезде","В подвале скапливается вода, требуется срочный осмотр.","water_leak","12","11","winter"
"111","2025-12-16 00:15:00","30","Северная управа","Северный","Молодежная","27","Течь в подвале","Из стояка течет вода, жители жалуются на сырость.","water_leak","12","0","winter"
"159","2025-12-22 06:49:00","67","Южная управа","Пригородный","Полевая","9Б","Нет света в подъезде","На площадке мигает свет и отключается электричество.","electricity","12","6","winter"
"258","2025-12-23 07:38:00","12","Центральная управа","Центральный","Гагарина","37","Перебои с электричеством","На площадке мигает свет и отключается электричество.","electricity","12","7","winter"
"156","2025-12-24 07:34:00","7","Центральная управа","Центральный","Советская","27","Не вывозят мусор","Мусор не вывозился несколько дней, требуется уборка.","garbage","12","7","winter"
"204","2025-12-31 21:41:00","75","Южная управа","Пригородный","Солнечная","41","Лифт застревает","Кнопки лифта не реагируют, нужна диагностика.","elevator","12","21","winter"
"265","2026-01-09 04:51:00","5","Центральная управа","Центральный","Ленина","15","Нет света в подъезде","Жители сообщают об отключении света в доме.","electricity","1","4","winter"
"28","2026-01-17 08:51:00","5","Центральная управа","Центральный","Ленина","15","Течь с потолка после дождя","После осадков с потолка течет вода, требуется проверка кровли.","roof","1","8","winter"
"224","2026-01-28 15:07:00","67","Южная управа","Пригородный","Полевая","9Б","Затопление канализацией","Из подвала идет сильный запах, вероятен засор канализации.","sewer","1","15","winter"
"252","2026-01-31 20:59:00","29","Северная управа","Северный","Мира","3А","Перебои с электричеством","Освещение в подъезде не работает со вчерашнего вечера.","electricity","1","20","winter"
"356","2026-01-31 21:10:00","61","Южная управа","Южный","Строителей","43","Прорыв стояка","Из стояка течет вода, жители жалуются на сырость.","water_leak","1","21","winter"
"187","2026-02-04 22:01:00","49","Северная управа","Промышленный","Энергетиков","37","Нет света в подъезде","Жители сообщают об отключении света в доме.","electricity","2","22","winter"
"285","2026-02-17 19:20:00","39","Северная управа","Северный","Парковая","17Б","Протекает труба в подъезде","Из стояка течет вода, жители жалуются на сырость.","water_leak","2","19","winter"
"122","2026-02-23 23:03:00","12","Центральная управа","Центральный","Гагарина","37","Неприятный запах из подвала","Канализация переполнена, стоки выходят наружу.","sewer","2","23","winter"
"386","2026-02-26 22:51:00","64","Южная управа","Южный","Строителей","17","Нет света в подъезде","Жители сообщают об отключении света в доме.","electricity","2","22","winter"
"93","2026-03-03 03:40:00","34","Северная управа","Северный","Молодежная","47","Переполнены контейнеры","Контейнерная площадка переполнена, мусор разлетается по двору.","garbage","3","3","spring"
"201","2026-03-08 00:17:00","9","Центральная управа","Центральный","Советская","21","Не вывозят мусор","Контейнерная площадка переполнена, мусор разлетается по двору.","garbage","3","0","spring"
"307","2026-03-08 06:42:00","10","Центральная управа","Центральный","Советская","7А","Нет света в подъезде","Жители сообщают об отключении света в доме.","electricity","3","6","spring"
"419","2026-03-13 04:08:00","33","Северная управа","Северный","Молодежная","5А","Отключение электроэнергии","На площадке мигает свет и отключается электричество.","electricity","3","4","spring"
"48","2026-03-16 11:12:00","12","Центральная управа","Центральный","Гагарина","37","Течь в подвале","Из стояка течет вода, жители жалуются на сырость.","water_leak","3","11","spring"
"268","2026-03-19 01:59:00","72","Южная управа","Пригородный","Солнечная","23","Течь в подвале","На лестничной площадке появилась течь, вода стекает вниз.","water_leak","3","1","spring"
"282","2026-03-23 13:32:00","26","Северная управа","Северный","Мира","19","Переполнены контейнеры","Рядом с домом образовалась свалка бытового мусора.","garbage","3","13","spring"
"189","2026-03-25 11:51:00","59","Южная управа","Южный","Школьная","5Б","Скопление мусора у дома","Контейнерная площадка переполнена, мусор разлетается по двору.","garbage","3","11","spring"
"ticket_id","opened_at","address_id","uprava","district","street","house_number","title","description","reason_category","month","hour","season"
"ticket_id","opened_at","address_id","uprava","district","street","house_number","title","description","reason_category","month","hour","season"
